Name,Age,Email,Join Date,Salary
Dennis Rogers,54,ashleybruce@hotmail.com,1973-08-15,42620
Breanna Hanson,44,william63@gmail.com,1997-06-14,33361
Shannon Rogers,41,brandy28@fox-huerta.biz,1981-11-22,73750
Stephen Vargas,58,mlawson@davis.org,2001-02-11,71408
Bethany Garcia,44,barnesjonathan@gmail.com,1990-03-14,83644
Stuart White,35,christopherwashington@horn.info,1992-09-19,72253
Jose Miller,57,jasonaustin@gmail.com,2018-06-27,84363
Gary Peters,32,chrishuffman@gmail.com,1992-04-16,30994
Erin Lang,25,rodriguezsierra@hotmail.com,1979-10-09,71087
Angela Cline,30,thawkins@kelly.com,1984-09-28,40234
