Name,Age,Email,Join Date,Salary
Catherine Gray,60,holly44@campos.net,1997-07-19,42016
Michael Bennett,25,william47@moore.com,1983-07-15,63300
Jessica Gillespie,49,qscott@yahoo.com,1995-03-10,33998
Ashley Hensley,58,pholmes@welch-collins.com,1987-01-10,45931
Nathan Watts,35,theresarodriguez@fry-lee.com,2023-06-26,44736
Charles Cordova,48,ryanharris@jackson.com,1990-03-18,45292
Elizabeth Acosta,35,teresa83@gordon-holder.net,1998-03-18,84343
Kelly Moore,57,jasonfrank@yahoo.com,1983-04-08,66783
Jaclyn Burgess,29,deanna37@young.com,1974-11-18,45395
Daniel Pierce,35,waltonmariah@yahoo.com,1987-11-05,47173
