Name,Age,Email,Join Date,Salary
Robert Schmidt,56,hrichmond@yahoo.com,1972-04-18,99540
Mary Morales,33,julia76@mccarthy-bell.com,1999-08-07,41182
John Clark,42,medinamark@yahoo.com,1970-09-29,55931
Michael Carney,51,dylan66@yahoo.com,1978-12-13,31447
Lauren Kaiser,45,clarkconnie@hotmail.com,2023-11-17,73701
Mark Shelton,28,solisjim@lewis-gonzalez.com,1994-03-30,60735
Kyle Beasley,25,gina97@hotmail.com,1978-07-04,32609
Dawn Ford,55,iedwards@yahoo.com,1987-11-17,89784
Chase Sherman,20,yturner@wright.com,1972-04-22,62684
Laura Hill,22,rubiotracy@boyer-lozano.com,2003-04-04,64933
