Name,Age,Email,Join Date,Salary
Kimberly Combs,55,andreakent@gmail.com,2017-06-25,38580
William Ferguson,32,riosmargaret@young.info,2011-09-17,97188
Katrina Gray,47,ashley82@gmail.com,2014-06-28,30599
Anthony Wilson,40,michael00@hotmail.com,1974-07-25,71644
Laura Johnson,20,warrenleslie@yahoo.com,1982-09-19,98748
Michael Foley,36,joshuathomas@gmail.com,2024-06-15,43727
Joshua Massey,38,janetpotts@hotmail.com,1994-12-30,88153
Connor Reynolds,44,ggutierrez@smith.net,2022-11-05,69960
Joseph Peck,41,alyssacole@hotmail.com,2020-11-14,59448
Christopher Watkins,60,mezaamy@taylor.info,1977-05-31,65364
