Name,Age,Email,Join Date,Salary
Andrew Everett,32,tyoung@simpson.com,1991-03-24,65661
Erin Romero,28,idavidson@gmail.com,2024-01-18,36052
Stanley Miller,32,cainrachael@olsen-mcknight.info,2002-05-12,54285
Cassandra Andrews,57,ohughes@gmail.com,2007-06-19,55243
Dawn Doyle,21,dfranklin@gmail.com,1982-03-11,53169
Kim Johnston,29,ydunn@gmail.com,2006-03-09,77609
Frank Dennis,50,michaelrivera@adams.com,1999-09-25,35575
Charles Aguilar,59,charles30@harding.com,1988-04-07,73381
Laurie Montgomery,60,christopher72@yahoo.com,1988-04-27,52254
Chelsea Mcbride,48,denise55@hotmail.com,1980-10-20,31919
