Name,Age,Email,Join Date,Salary
Eric Bray,41,mramirez@evans.org,1997-07-12,82139
Teresa Johnson,20,robert88@watson-bailey.com,1987-06-06,38333
Jennifer Brown,36,crystal92@smith.com,1998-12-21,71577
Brittany Mcguire,26,paige61@jackson-kennedy.com,1976-11-18,84356
Alyssa Parsons,31,haydenchavez@garcia.com,2001-03-24,66974
Bryan Cameron,28,emilygardner@pugh.com,2009-05-07,84714
Joseph Gray,39,kristina30@hotmail.com,2017-11-04,68671
Autumn Vaughn,25,bspencer@yahoo.com,2024-06-23,86257
Donna Brandt,20,elizabeth77@bailey.org,1970-09-12,31413
Jill Williams,24,thomasfrank@warner.com,2003-05-26,83187
