Name,Age,Email,Join Date,Salary
Jason Higgins,56,ecooley@gmail.com,2012-03-24,83763
Victoria Stone DVM,38,bwalters@hotmail.com,2002-03-25,92748
Hannah Spence,55,moorechristina@yahoo.com,2019-09-27,46408
Melissa Martinez,22,biancawyatt@hotmail.com,1999-12-13,94308
Kristin Morris,37,choiapril@mccoy-klein.com,2001-10-19,99152
Sara Johnson,46,larryrivera@thompson.biz,2015-03-09,35393
Alice Doyle,28,hardydaisy@allen.info,2005-11-18,42750
Jasmine Moody,48,robertpena@dominguez.com,2020-11-23,92040
April Shields,33,carlafrost@gmail.com,2017-06-21,41509
Marissa Krause,34,torreslauren@hotmail.com,2012-06-24,68657
