Name,Age,Email,Join Date,Salary
William Werner,48,erichubbard@hotmail.com,1992-11-08,80781
Donald Parks,46,reidjeffrey@hotmail.com,2016-05-26,36132
John Owen,26,robyn63@burns.com,2021-03-19,98010
Curtis Bailey,46,patrickhudson@gallagher.net,1992-10-20,74222
Brandon Barton,23,ggomez@ford.info,2011-03-25,73398
Yolanda Conway,44,markbolton@woods.biz,2020-06-11,47970
Angie Johnston,59,allenfisher@hotmail.com,1971-02-19,63935
Miss Rebecca Cameron,51,johnweber@gmail.com,2008-12-24,92349
Dylan Stephens,20,robertday@yahoo.com,2017-01-12,57757
Taylor Maxwell,54,brendabaker@harrington.net,1992-05-27,81225
