Name,Age,Email,Join Date,Salary
Henry Payne,54,whitejohn@hartman.com,2021-01-12,97307
Julie Obrien,21,choijennifer@webb.com,1993-07-31,91645
Sara Hanna,42,smithmiguel@hotmail.com,1978-01-23,69209
Brenda Hutchinson,43,brooksdavid@jones.com,1974-08-31,60818
Jody Myers,40,jonathanerickson@hotmail.com,2018-01-26,62601
Robin Washington,38,grantvanessa@franklin.com,2019-03-31,56961
Jennifer Jones,46,steven40@gmail.com,1983-11-10,64520
Steven Salazar,21,diane15@gmail.com,1976-04-21,33418
John Green,55,ckelly@hotmail.com,1989-09-24,53751
Anna Nichols,23,eandersen@hotmail.com,2024-04-16,98107
